Name,Address,Description,Website,Google Maps URL,Latitude,Longitude,Year,Genre,Genre Slug,Release Date
カラチの空,埼玉県八潮市中央1-7-11 三木ビル,食べログ カレー EAST 百名店 2020,https://tabelog.com/saitama/A1102/A110205/11020803/,https://www.google.com/maps/search/?api=1&query=%E3%82%AB%E3%83%A9%E3%83%81%E3%81%AE%E7%A9%BA%20%E5%9F%BC%E7%8E%89%E7%9C%8C%E5%85%AB%E6%BD%AE%E5%B8%82%E4%B8%AD%E5%A4%AE1-7-11%20%E4%B8%89%E6%9C%A8%E3%83%93%E3%83%AB,35.8207774,139.8388286,2020,カレー EAST,curry_east,
ZORA,北海道札幌市中央区南1条西7丁目12-5 大通パークサイドビル 1F,食べログ カレー EAST 百名店 2020,https://tabelog.com/hokkaido/A0101/A010102/1024540/,https://www.google.com/maps/search/?api=1&query=ZORA%20%E5%8C%97%E6%B5%B7%E9%81%93%E6%9C%AD%E5%B9%8C%E5%B8%82%E4%B8%AD%E5%A4%AE%E5%8C%BA%E5%8D%971%E6%9D%A1%E8%A5%BF7%E4%B8%81%E7%9B%AE12-5%20%E5%A4%A7%E9%80%9A%E3%83%91%E3%83%BC%E3%82%AF%E3%82%B5%E3%82%A4%E3%83%89%E3%83%93%E3%83%AB%201F,43.0588276,141.3474707,2020,カレー EAST,curry_east,
マドラスミールス,神奈川県川崎市中原区上丸子八幡町816 山本ビル1F,食べログ カレー EAST 百名店 2020,https://tabelog.com/kanagawa/A1405/A140504/14043719/,https://www.google.com/maps/search/?api=1&query=%E3%83%9E%E3%83%89%E3%83%A9%E3%82%B9%E3%83%9F%E3%83%BC%E3%83%AB%E3%82%B9%20%E7%A5%9E%E5%A5%88%E5%B7%9D%E7%9C%8C%E5%B7%9D%E5%B4%8E%E5%B8%82%E4%B8%AD%E5%8E%9F%E5%8C%BA%E4%B8%8A%E4%B8%B8%E5%AD%90%E5%85%AB%E5%B9%A1%E7%94%BA816%20%E5%B1%B1%E6%9C%AC%E3%83%93%E3%83%AB1F,35.5802558,139.6648886,2020,カレー EAST,curry_east,
南インド料理 葉菜,千葉県八千代市勝田台1-13-32 MTビル １F,食べログ カレー EAST 百名店 2020,https://tabelog.com/chiba/A1202/A120204/12012667/,https://www.google.com/maps/search/?api=1&query=%E5%8D%97%E3%82%A4%E3%83%B3%E3%83%89%E6%96%99%E7%90%86%20%E8%91%89%E8%8F%9C%20%E5%8D%83%E8%91%89%E7%9C%8C%E5%85%AB%E5%8D%83%E4%BB%A3%E5%B8%82%E5%8B%9D%E7%94%B0%E5%8F%B01-13-32%20MT%E3%83%93%E3%83%AB%20%EF%BC%91F,35.7145866,140.1280656,2020,カレー EAST,curry_east,
アルペンジロー 本店,神奈川県横浜市中区弥生町3-26,食べログ カレー EAST 百名店 2020,https://tabelog.com/kanagawa/A1401/A140104/14000553/,https://www.google.com/maps/search/?api=1&query=%E3%82%A2%E3%83%AB%E3%83%9A%E3%83%B3%E3%82%B8%E3%83%AD%E3%83%BC%20%E6%9C%AC%E5%BA%97%20%E7%A5%9E%E5%A5%88%E5%B7%9D%E7%9C%8C%E6%A8%AA%E6%B5%9C%E5%B8%82%E4%B8%AD%E5%8C%BA%E5%BC%A5%E7%94%9F%E7%94%BA3-26,35.4395926,139.6286672,2020,カレー EAST,curry_east,
カラバトカリー,北海道札幌市南区藤野二条12-6-1,食べログ カレー EAST 百名店 2020,https://tabelog.com/hokkaido/A0101/A010305/1002186/,https://www.google.com/maps/search/?api=1&query=%E3%82%AB%E3%83%A9%E3%83%90%E3%83%88%E3%82%AB%E3%83%AA%E3%83%BC%20%E5%8C%97%E6%B5%B7%E9%81%93%E6%9C%AD%E5%B9%8C%E5%B8%82%E5%8D%97%E5%8C%BA%E8%97%A4%E9%87%8E%E4%BA%8C%E6%9D%A112-6-1,42.9614082,141.2760581,2020,カレー EAST,curry_east,
西屯田通りスープカレー本舗,北海道札幌市中央区南八条西13-4-5,食べログ カレー EAST 百名店 2020,https://tabelog.com/hokkaido/A0101/A010104/1007981/,https://www.google.com/maps/search/?api=1&query=%E8%A5%BF%E5%B1%AF%E7%94%B0%E9%80%9A%E3%82%8A%E3%82%B9%E3%83%BC%E3%83%97%E3%82%AB%E3%83%AC%E3%83%BC%E6%9C%AC%E8%88%97%20%E5%8C%97%E6%B5%B7%E9%81%93%E6%9C%AD%E5%B9%8C%E5%B8%82%E4%B8%AD%E5%A4%AE%E5%8C%BA%E5%8D%97%E5%85%AB%E6%9D%A1%E8%A5%BF13-4-5,43.0484095,141.3390149,2020,カレー EAST,curry_east,
STAR,北海道小樽市星野町19-2,食べログ カレー EAST 百名店 2020,https://tabelog.com/hokkaido/A0106/A010601/1042370/,https://www.google.com/maps/search/?api=1&query=STAR%20%E5%8C%97%E6%B5%B7%E9%81%93%E5%B0%8F%E6%A8%BD%E5%B8%82%E6%98%9F%E9%87%8E%E7%94%BA19-2,43.1317748,141.1897502,2020,カレー EAST,curry_east,
べいらっきょ,神奈川県横浜市中区相生町4-76 ラタンビル B1F,食べログ カレー EAST 百名店 2020,https://tabelog.com/kanagawa/A1401/A140104/14000111/,https://www.google.com/maps/search/?api=1&query=%E3%81%B9%E3%81%84%E3%82%89%E3%81%A3%E3%81%8D%E3%82%87%20%E7%A5%9E%E5%A5%88%E5%B7%9D%E7%9C%8C%E6%A8%AA%E6%B5%9C%E5%B8%82%E4%B8%AD%E5%8C%BA%E7%9B%B8%E7%94%9F%E7%94%BA4-76%20%E3%83%A9%E3%82%BF%E3%83%B3%E3%83%93%E3%83%AB%20B1F,35.4476772,139.6360050,2020,カレー EAST,curry_east,
五○堂,北海道札幌市中央区南8条西10丁目1277-37 カネトモビル2-１階,食べログ カレー EAST 百名店 2020,https://tabelog.com/hokkaido/A0101/A010104/1029487/,https://www.google.com/maps/search/?api=1&query=%E4%BA%94%E2%97%8B%E5%A0%82%20%E5%8C%97%E6%B5%B7%E9%81%93%E6%9C%AD%E5%B9%8C%E5%B8%82%E4%B8%AD%E5%A4%AE%E5%8C%BA%E5%8D%978%E6%9D%A1%E8%A5%BF10%E4%B8%81%E7%9B%AE1277-37%20%E3%82%AB%E3%83%8D%E3%83%88%E3%83%A2%E3%83%93%E3%83%AB2-%EF%BC%91%E9%9A%8E,43.0489830,141.3438607,2020,カレー EAST,curry_east,
ターラ,北海道札幌市中央区南一条西4 日本旅行ビル　Ｂ１Ｆ,食べログ カレー EAST 百名店 2020,https://tabelog.com/hokkaido/A0101/A010102/1001916/,https://www.google.com/maps/search/?api=1&query=%E3%82%BF%E3%83%BC%E3%83%A9%20%E5%8C%97%E6%B5%B7%E9%81%93%E6%9C%AD%E5%B9%8C%E5%B8%82%E4%B8%AD%E5%A4%AE%E5%8C%BA%E5%8D%97%E4%B8%80%E6%9D%A1%E8%A5%BF4%20%E6%97%A5%E6%9C%AC%E6%97%85%E8%A1%8C%E3%83%93%E3%83%AB%E3%80%80%EF%BC%A2%EF%BC%91%EF%BC%A6,43.0590418,141.3517280,2020,カレー EAST,curry_east,
らっきょ＆Star,神奈川県横浜市港北区綱島西1-2-9 ゴールデンパーク 1F,食べログ カレー EAST 百名店 2020,https://tabelog.com/kanagawa/A1401/A140204/14009431/,https://www.google.com/maps/search/?api=1&query=%E3%82%89%E3%81%A3%E3%81%8D%E3%82%87%EF%BC%86Star%20%E7%A5%9E%E5%A5%88%E5%B7%9D%E7%9C%8C%E6%A8%AA%E6%B5%9C%E5%B8%82%E6%B8%AF%E5%8C%97%E5%8C%BA%E7%B6%B1%E5%B3%B6%E8%A5%BF1-2-9%20%E3%82%B4%E3%83%BC%E3%83%AB%E3%83%87%E3%83%B3%E3%83%91%E3%83%BC%E3%82%AF%201F,35.5379490,139.6353430,2020,カレー EAST,curry_east,
ハイ，ハウ アー ユー,神奈川県横浜市港北区日吉本町1-21-5 西之蔵ビル　３Ｆ,食べログ カレー EAST 百名店 2020,https://tabelog.com/kanagawa/A1401/A140204/14040637/,https://www.google.com/maps/search/?api=1&query=%E3%83%8F%E3%82%A4%EF%BC%8C%E3%83%8F%E3%82%A6%20%E3%82%A2%E3%83%BC%20%E3%83%A6%E3%83%BC%20%E7%A5%9E%E5%A5%88%E5%B7%9D%E7%9C%8C%E6%A8%AA%E6%B5%9C%E5%B8%82%E6%B8%AF%E5%8C%97%E5%8C%BA%E6%97%A5%E5%90%89%E6%9C%AC%E7%94%BA1-21-5%20%E8%A5%BF%E4%B9%8B%E8%94%B5%E3%83%93%E3%83%AB%E3%80%80%EF%BC%93%EF%BC%A6,35.5532428,139.6460196,2020,カレー EAST,curry_east,
曉,北海道札幌市中央区南1条西12丁目322-24 2F,食べログ カレー EAST 百名店 2020,https://tabelog.com/hokkaido/A0101/A010102/1050112/,https://www.google.com/maps/search/?api=1&query=%E6%9B%89%20%E5%8C%97%E6%B5%B7%E9%81%93%E6%9C%AD%E5%B9%8C%E5%B8%82%E4%B8%AD%E5%A4%AE%E5%8C%BA%E5%8D%971%E6%9D%A1%E8%A5%BF12%E4%B8%81%E7%9B%AE322-24%202F,43.0571303,141.3396031,2020,カレー EAST,curry_east,
Bay&Leaf 横浜,神奈川県横浜市戸塚区戸塚町120 斉藤ビル 2F,食べログ カレー EAST 百名店 2020,https://tabelog.com/kanagawa/A1401/A140305/14000620/,https://www.google.com/maps/search/?api=1&query=Bay%26Leaf%20%E6%A8%AA%E6%B5%9C%20%E7%A5%9E%E5%A5%88%E5%B7%9D%E7%9C%8C%E6%A8%AA%E6%B5%9C%E5%B8%82%E6%88%B8%E5%A1%9A%E5%8C%BA%E6%88%B8%E5%A1%9A%E7%94%BA120%20%E6%96%89%E8%97%A4%E3%83%93%E3%83%AB%202F,35.3978525,139.5316472,2020,カレー EAST,curry_east,
アジアンスープカリー べす,北海道札幌市白石区北郷4条6-5-15,食べログ カレー EAST 百名店 2020,https://tabelog.com/hokkaido/A0101/A010301/1049808/,https://www.google.com/maps/search/?api=1&query=%E3%82%A2%E3%82%B8%E3%82%A2%E3%83%B3%E3%82%B9%E3%83%BC%E3%83%97%E3%82%AB%E3%83%AA%E3%83%BC%20%E3%81%B9%E3%81%99%20%E5%8C%97%E6%B5%B7%E9%81%93%E6%9C%AD%E5%B9%8C%E5%B8%82%E7%99%BD%E7%9F%B3%E5%8C%BA%E5%8C%97%E9%83%B74%E6%9D%A16-5-15,43.0575751,141.4243496,2020,カレー EAST,curry_east,
ひげ男爵,北海道札幌市中央区北一条東2-5-12 ビーンズコート 1Ｆ,食べログ カレー EAST 百名店 2020,https://tabelog.com/hokkaido/A0101/A010102/1005374/,https://www.google.com/maps/search/?api=1&query=%E3%81%B2%E3%81%92%E7%94%B7%E7%88%B5%20%E5%8C%97%E6%B5%B7%E9%81%93%E6%9C%AD%E5%B9%8C%E5%B8%82%E4%B8%AD%E5%A4%AE%E5%8C%BA%E5%8C%97%E4%B8%80%E6%9D%A1%E6%9D%B12-5-12%20%E3%83%93%E3%83%BC%E3%83%B3%E3%82%BA%E3%82%B3%E3%83%BC%E3%83%88%201%EF%BC%A6,43.0635185,141.3586085,2020,カレー EAST,curry_east,
カレーの店 マボロシ,神奈川県相模原市中央区中央3-7-1,食べログ カレー EAST 百名店 2020,https://tabelog.com/kanagawa/A1407/A140701/14040492/,https://www.google.com/maps/search/?api=1&query=%E3%82%AB%E3%83%AC%E3%83%BC%E3%81%AE%E5%BA%97%20%E3%83%9E%E3%83%9C%E3%83%AD%E3%82%B7%20%E7%A5%9E%E5%A5%88%E5%B7%9D%E7%9C%8C%E7%9B%B8%E6%A8%A1%E5%8E%9F%E5%B8%82%E4%B8%AD%E5%A4%AE%E5%8C%BA%E4%B8%AD%E5%A4%AE3-7-1,35.5715777,139.3711076,2020,カレー EAST,curry_east,
カリーハウス コロンボ,北海道札幌市中央区北四条西4-1 札幌国際ビル B1F,食べログ カレー EAST 百名店 2020,https://tabelog.com/hokkaido/A0101/A010101/1004447/,https://www.google.com/maps/search/?api=1&query=%E3%82%AB%E3%83%AA%E3%83%BC%E3%83%8F%E3%82%A6%E3%82%B9%20%E3%82%B3%E3%83%AD%E3%83%B3%E3%83%9C%20%E5%8C%97%E6%B5%B7%E9%81%93%E6%9C%AD%E5%B9%8C%E5%B8%82%E4%B8%AD%E5%A4%AE%E5%8C%BA%E5%8C%97%E5%9B%9B%E6%9D%A1%E8%A5%BF4-1%20%E6%9C%AD%E5%B9%8C%E5%9B%BD%E9%9A%9B%E3%83%93%E3%83%AB%20B1F,43.0659810,141.3502456,2020,カレー EAST,curry_east,
DEWAN 幕張店,千葉県千葉市美浜区浜田2-33 グルメ大江戸ビル　 2F,食べログ カレー EAST 百名店 2020,https://tabelog.com/chiba/A1201/A120102/12000695/,https://www.google.com/maps/search/?api=1&query=DEWAN%20%E5%B9%95%E5%BC%B5%E5%BA%97%20%E5%8D%83%E8%91%89%E7%9C%8C%E5%8D%83%E8%91%89%E5%B8%82%E7%BE%8E%E6%B5%9C%E5%8C%BA%E6%B5%9C%E7%94%B02-33%20%E3%82%B0%E3%83%AB%E3%83%A1%E5%A4%A7%E6%B1%9F%E6%88%B8%E3%83%93%E3%83%AB%E3%80%80%202F,35.6565399,140.0326938,2020,カレー EAST,curry_east,
イエロー,北海道札幌市中央区南三条西1-12-19 エルムビル　１Ｆ,食べログ カレー EAST 百名店 2020,https://tabelog.com/hokkaido/A0101/A010103/1002181/,https://www.google.com/maps/search/?api=1&query=%E3%82%A4%E3%82%A8%E3%83%AD%E3%83%BC%20%E5%8C%97%E6%B5%B7%E9%81%93%E6%9C%AD%E5%B9%8C%E5%B8%82%E4%B8%AD%E5%A4%AE%E5%8C%BA%E5%8D%97%E4%B8%89%E6%9D%A1%E8%A5%BF1-12-19%20%E3%82%A8%E3%83%AB%E3%83%A0%E3%83%93%E3%83%AB%E3%80%80%EF%BC%91%EF%BC%A6,43.0568241,141.3572498,2020,カレー EAST,curry_east,
kanakoのスープカレー屋さん 札幌大通店,北海道札幌市中央区南一条西1-2-2 大沢ビル １Ｆ,食べログ カレー EAST 百名店 2020,https://tabelog.com/hokkaido/A0101/A010102/1026119/,https://www.google.com/maps/search/?api=1&query=kanako%E3%81%AE%E3%82%B9%E3%83%BC%E3%83%97%E3%82%AB%E3%83%AC%E3%83%BC%E5%B1%8B%E3%81%95%E3%82%93%20%E6%9C%AD%E5%B9%8C%E5%A4%A7%E9%80%9A%E5%BA%97%20%E5%8C%97%E6%B5%B7%E9%81%93%E6%9C%AD%E5%B9%8C%E5%B8%82%E4%B8%AD%E5%A4%AE%E5%8C%BA%E5%8D%97%E4%B8%80%E6%9D%A1%E8%A5%BF1-2-2%20%E5%A4%A7%E6%B2%A2%E3%83%93%E3%83%AB%20%EF%BC%91%EF%BC%A6,43.0599918,141.3564650,2020,カレー EAST,curry_east,
ベンベラ・ネットワークカンパニー,北海道札幌市中央区南二条西7丁目 エムズスペース 1F,食べログ カレー EAST 百名店 2020,https://tabelog.com/hokkaido/A0101/A010102/1000587/,https://www.google.com/maps/search/?api=1&query=%E3%83%99%E3%83%B3%E3%83%99%E3%83%A9%E3%83%BB%E3%83%8D%E3%83%83%E3%83%88%E3%83%AF%E3%83%BC%E3%82%AF%E3%82%AB%E3%83%B3%E3%83%91%E3%83%8B%E3%83%BC%20%E5%8C%97%E6%B5%B7%E9%81%93%E6%9C%AD%E5%B9%8C%E5%B8%82%E4%B8%AD%E5%A4%AE%E5%8C%BA%E5%8D%97%E4%BA%8C%E6%9D%A1%E8%A5%BF7%E4%B8%81%E7%9B%AE%20%E3%82%A8%E3%83%A0%E3%82%BA%E3%82%B9%E3%83%9A%E3%83%BC%E3%82%B9%201F,43.0568363,141.3480274,2020,カレー EAST,curry_east,
イムイェム,神奈川県川崎市宮前区犬蔵1-9-21,食べログ カレー EAST 百名店 2020,https://tabelog.com/kanagawa/A1405/A140507/14003331/,https://www.google.com/maps/search/?api=1&query=%E3%82%A4%E3%83%A0%E3%82%A4%E3%82%A7%E3%83%A0%20%E7%A5%9E%E5%A5%88%E5%B7%9D%E7%9C%8C%E5%B7%9D%E5%B4%8E%E5%B8%82%E5%AE%AE%E5%89%8D%E5%8C%BA%E7%8A%AC%E8%94%B51-9-21,35.5882674,139.5626291,2020,カレー EAST,curry_east,
gopのアナグラ,北海道札幌市西区山の手三条6-1-17,食べログ カレー EAST 百名店 2020,https://tabelog.com/hokkaido/A0101/A010204/1000635/,https://www.google.com/maps/search/?api=1&query=gop%E3%81%AE%E3%82%A2%E3%83%8A%E3%82%B0%E3%83%A9%20%E5%8C%97%E6%B5%B7%E9%81%93%E6%9C%AD%E5%B9%8C%E5%B8%82%E8%A5%BF%E5%8C%BA%E5%B1%B1%E3%81%AE%E6%89%8B%E4%B8%89%E6%9D%A16-1-17,43.0685178,141.2951453,2020,カレー EAST,curry_east,
元祖インドカレー 小いけ,北海道函館市宝来町22-4,食べログ カレー EAST 百名店 2020,https://tabelog.com/hokkaido/A0105/A010501/1008130/,https://www.google.com/maps/search/?api=1&query=%E5%85%83%E7%A5%96%E3%82%A4%E3%83%B3%E3%83%89%E3%82%AB%E3%83%AC%E3%83%BC%20%E5%B0%8F%E3%81%84%E3%81%91%20%E5%8C%97%E6%B5%B7%E9%81%93%E5%87%BD%E9%A4%A8%E5%B8%82%E5%AE%9D%E6%9D%A5%E7%94%BA22-4,41.7620874,140.7197762,2020,カレー EAST,curry_east,
カレーのふらのや,北海道札幌市厚別区厚別西3条6丁目700-86,食べログ カレー EAST 百名店 2020,https://tabelog.com/hokkaido/A0101/A010302/1031618/,https://www.google.com/maps/search/?api=1&query=%E3%82%AB%E3%83%AC%E3%83%BC%E3%81%AE%E3%81%B5%E3%82%89%E3%81%AE%E3%82%84%20%E5%8C%97%E6%B5%B7%E9%81%93%E6%9C%AD%E5%B9%8C%E5%B8%82%E5%8E%9A%E5%88%A5%E5%8C%BA%E5%8E%9A%E5%88%A5%E8%A5%BF3%E6%9D%A16%E4%B8%81%E7%9B%AE700-86,43.0530425,141.4713596,2020,カレー EAST,curry_east,
クロック,北海道札幌市中央区円山西町9-2-25 旭山プラザ　１Ｆ,食べログ カレー EAST 百名店 2020,https://tabelog.com/hokkaido/A0101/A010105/1000162/,https://www.google.com/maps/search/?api=1&query=%E3%82%AF%E3%83%AD%E3%83%83%E3%82%AF%20%E5%8C%97%E6%B5%B7%E9%81%93%E6%9C%AD%E5%B9%8C%E5%B8%82%E4%B8%AD%E5%A4%AE%E5%8C%BA%E5%86%86%E5%B1%B1%E8%A5%BF%E7%94%BA9-2-25%20%E6%97%AD%E5%B1%B1%E3%83%97%E3%83%A9%E3%82%B6%E3%80%80%EF%BC%91%EF%BC%A6,43.0437043,141.3085163,2020,カレー EAST,curry_east,
カレー専門店 KEN,神奈川県横浜市青葉区つつじが丘10-18,食べログ カレー EAST 百名店 2020,https://tabelog.com/kanagawa/A1401/A140202/14010409/,https://www.google.com/maps/search/?api=1&query=%E3%82%AB%E3%83%AC%E3%83%BC%E5%B0%82%E9%96%80%E5%BA%97%20KEN%20%E7%A5%9E%E5%A5%88%E5%B7%9D%E7%9C%8C%E6%A8%AA%E6%B5%9C%E5%B8%82%E9%9D%92%E8%91%89%E5%8C%BA%E3%81%A4%E3%81%A4%E3%81%98%E3%81%8C%E4%B8%9810-18,35.5408218,139.5191663,2020,カレー EAST,curry_east,
ラマイ 札幌中央店,北海道札幌市中央区南4条西10丁目1005-4 コンフォモール札幌南4条 1F,食べログ カレー EAST 百名店 2020,https://tabelog.com/hokkaido/A0101/A010102/1029827/,https://www.google.com/maps/search/?api=1&query=%E3%83%A9%E3%83%9E%E3%82%A4%20%E6%9C%AD%E5%B9%8C%E4%B8%AD%E5%A4%AE%E5%BA%97%20%E5%8C%97%E6%B5%B7%E9%81%93%E6%9C%AD%E5%B9%8C%E5%B8%82%E4%B8%AD%E5%A4%AE%E5%8C%BA%E5%8D%974%E6%9D%A1%E8%A5%BF10%E4%B8%81%E7%9B%AE1005-4%20%E3%82%B3%E3%83%B3%E3%83%95%E3%82%A9%E3%83%A2%E3%83%BC%E3%83%AB%E6%9C%AD%E5%B9%8C%E5%8D%974%E6%9D%A1%201F,43.0547341,141.3434503,2020,カレー EAST,curry_east,
アーユーボーワン,千葉県柏市東上町2-24 1F,食べログ カレー EAST 百名店 2020,https://tabelog.com/chiba/A1203/A120301/12033520/,https://www.google.com/maps/search/?api=1&query=%E3%82%A2%E3%83%BC%E3%83%A6%E3%83%BC%E3%83%9C%E3%83%BC%E3%83%AF%E3%83%B3%20%E5%8D%83%E8%91%89%E7%9C%8C%E6%9F%8F%E5%B8%82%E6%9D%B1%E4%B8%8A%E7%94%BA2-24%201F,35.8592643,139.9759948,2020,カレー EAST,curry_east,
ラマイ 札幌本店,北海道札幌市豊平区月寒東一条17-5-8 有田不動産ビル 1F,食べログ カレー EAST 百名店 2020,https://tabelog.com/hokkaido/A0101/A010303/1001470/,https://www.google.com/maps/search/?api=1&query=%E3%83%A9%E3%83%9E%E3%82%A4%20%E6%9C%AD%E5%B9%8C%E6%9C%AC%E5%BA%97%20%E5%8C%97%E6%B5%B7%E9%81%93%E6%9C%AD%E5%B9%8C%E5%B8%82%E8%B1%8A%E5%B9%B3%E5%8C%BA%E6%9C%88%E5%AF%92%E6%9D%B1%E4%B8%80%E6%9D%A117-5-8%20%E6%9C%89%E7%94%B0%E4%B8%8D%E5%8B%95%E7%94%A3%E3%83%93%E3%83%AB%201F,43.0152178,141.4146411,2020,カレー EAST,curry_east,
オクシモロン onari,神奈川県鎌倉市御成町14-1 御成町ビル 1F,食べログ カレー EAST 百名店 2020,https://tabelog.com/kanagawa/A1404/A140402/14060276/,https://www.google.com/maps/search/?api=1&query=%E3%82%AA%E3%82%AF%E3%82%B7%E3%83%A2%E3%83%AD%E3%83%B3%20onari%20%E7%A5%9E%E5%A5%88%E5%B7%9D%E7%9C%8C%E9%8E%8C%E5%80%89%E5%B8%82%E5%BE%A1%E6%88%90%E7%94%BA14-1%20%E5%BE%A1%E6%88%90%E7%94%BA%E3%83%93%E3%83%AB%201F,35.3199173,139.5488340,2020,カレー EAST,curry_east,
インドレストラン ラム,北海道札幌市北区北32条西4丁目1-12 パレロワイヤル １Ｆ,食べログ カレー EAST 百名店 2020,https://tabelog.com/hokkaido/A0101/A010201/1004045/,https://www.google.com/maps/search/?api=1&query=%E3%82%A4%E3%83%B3%E3%83%89%E3%83%AC%E3%82%B9%E3%83%88%E3%83%A9%E3%83%B3%20%E3%83%A9%E3%83%A0%20%E5%8C%97%E6%B5%B7%E9%81%93%E6%9C%AD%E5%B9%8C%E5%B8%82%E5%8C%97%E5%8C%BA%E5%8C%9732%E6%9D%A1%E8%A5%BF4%E4%B8%81%E7%9B%AE1-12%20%E3%83%91%E3%83%AC%E3%83%AD%E3%83%AF%E3%82%A4%E3%83%A4%E3%83%AB%20%EF%BC%91%EF%BC%A6,43.0986463,141.3410393,2020,カレー EAST,curry_east,
ニュールドリ,埼玉県草加市谷塚1-21-1 メルヘンシャトー草加 1F,食べログ カレー EAST 百名店 2020,https://tabelog.com/saitama/A1102/A110203/11035816/,https://www.google.com/maps/search/?api=1&query=%E3%83%8B%E3%83%A5%E3%83%BC%E3%83%AB%E3%83%89%E3%83%AA%20%E5%9F%BC%E7%8E%89%E7%9C%8C%E8%8D%89%E5%8A%A0%E5%B8%82%E8%B0%B7%E5%A1%9A1-21-1%20%E3%83%A1%E3%83%AB%E3%83%98%E3%83%B3%E3%82%B7%E3%83%A3%E3%83%88%E3%83%BC%E8%8D%89%E5%8A%A0%201F,35.8112879,139.8023618,2020,カレー EAST,curry_east,
スープカリー ヒリヒリ2号,北海道札幌市北区北六条西6-1-1 WEST6,食べログ カレー EAST 百名店 2020,https://tabelog.com/hokkaido/A0101/A010101/1004285/,https://www.google.com/maps/search/?api=1&query=%E3%82%B9%E3%83%BC%E3%83%97%E3%82%AB%E3%83%AA%E3%83%BC%20%E3%83%92%E3%83%AA%E3%83%92%E3%83%AA2%E5%8F%B7%20%E5%8C%97%E6%B5%B7%E9%81%93%E6%9C%AD%E5%B9%8C%E5%B8%82%E5%8C%97%E5%8C%BA%E5%8C%97%E5%85%AD%E6%9D%A1%E8%A5%BF6-1-1%20WEST6,43.0674204,141.3458743,2020,カレー EAST,curry_east,
Rojiura Curry SAMURAI. さくら店,北海道札幌市中央区南3条西6丁目1-3 ティアラ36 2F・3F,食べログ カレー EAST 百名店 2020,https://tabelog.com/hokkaido/A0101/A010103/1031790/,https://www.google.com/maps/search/?api=1&query=Rojiura%20Curry%20SAMURAI.%20%E3%81%95%E3%81%8F%E3%82%89%E5%BA%97%20%E5%8C%97%E6%B5%B7%E9%81%93%E6%9C%AD%E5%B9%8C%E5%B8%82%E4%B8%AD%E5%A4%AE%E5%8C%BA%E5%8D%973%E6%9D%A1%E8%A5%BF6%E4%B8%81%E7%9B%AE1-3%20%E3%83%86%E3%82%A3%E3%82%A2%E3%83%A936%202F%E3%83%BB3F,43.0558188,141.3499100,2020,カレー EAST,curry_east,
未来カレー こりす,北海道札幌市中央区南3条西6 ARK36ビル 1F,食べログ カレー EAST 百名店 2020,https://tabelog.com/hokkaido/A0101/A010103/1035490/,https://www.google.com/maps/search/?api=1&query=%E6%9C%AA%E6%9D%A5%E3%82%AB%E3%83%AC%E3%83%BC%20%E3%81%93%E3%82%8A%E3%81%99%20%E5%8C%97%E6%B5%B7%E9%81%93%E6%9C%AD%E5%B9%8C%E5%B8%82%E4%B8%AD%E5%A4%AE%E5%8C%BA%E5%8D%973%E6%9D%A1%E8%A5%BF6%20ARK36%E3%83%93%E3%83%AB%201F,43.0556068,141.3487607,2020,カレー EAST,curry_east,
Handi レストラン,千葉県野田市目吹1508-1,食べログ カレー EAST 百名店 2020,https://tabelog.com/chiba/A1203/A120305/12026828/,https://www.google.com/maps/search/?api=1&query=Handi%20%E3%83%AC%E3%82%B9%E3%83%88%E3%83%A9%E3%83%B3%20%E5%8D%83%E8%91%89%E7%9C%8C%E9%87%8E%E7%94%B0%E5%B8%82%E7%9B%AE%E5%90%B91508-1,35.9649470,139.8824353,2020,カレー EAST,curry_east,
らっきょ,北海道札幌市西区琴似1条1-7-7 カピテーヌ琴似　１Ｆ,食べログ カレー EAST 百名店 2020,https://tabelog.com/hokkaido/A0101/A010204/1000164/,https://www.google.com/maps/search/?api=1&query=%E3%82%89%E3%81%A3%E3%81%8D%E3%82%87%20%E5%8C%97%E6%B5%B7%E9%81%93%E6%9C%AD%E5%B9%8C%E5%B8%82%E8%A5%BF%E5%8C%BA%E7%90%B4%E4%BC%BC1%E6%9D%A11-7-7%20%E3%82%AB%E3%83%94%E3%83%86%E3%83%BC%E3%83%8C%E7%90%B4%E4%BC%BC%E3%80%80%EF%BC%91%EF%BC%A6,43.0798925,141.3082008,2020,カレー EAST,curry_east,
SOUP CURRY KING 本店,北海道札幌市豊平区平岸三条16-1-1,食べログ カレー EAST 百名店 2020,https://tabelog.com/hokkaido/A0101/A010303/1006357/,https://www.google.com/maps/search/?api=1&query=SOUP%20CURRY%20KING%20%E6%9C%AC%E5%BA%97%20%E5%8C%97%E6%B5%B7%E9%81%93%E6%9C%AD%E5%B9%8C%E5%B8%82%E8%B1%8A%E5%B9%B3%E5%8C%BA%E5%B9%B3%E5%B2%B8%E4%B8%89%E6%9D%A116-1-1,43.0244249,141.3678173,2020,カレー EAST,curry_east,
タイガーカレー,北海道札幌市北区北二十三条西4-2-3 プラザハイツ２４　１Ｆ,食べログ カレー EAST 百名店 2020,https://tabelog.com/hokkaido/A0101/A010201/1003065/,https://www.google.com/maps/search/?api=1&query=%E3%82%BF%E3%82%A4%E3%82%AC%E3%83%BC%E3%82%AB%E3%83%AC%E3%83%BC%20%E5%8C%97%E6%B5%B7%E9%81%93%E6%9C%AD%E5%B9%8C%E5%B8%82%E5%8C%97%E5%8C%BA%E5%8C%97%E4%BA%8C%E5%8D%81%E4%B8%89%E6%9D%A1%E8%A5%BF4-2-3%20%E3%83%97%E3%83%A9%E3%82%B6%E3%83%8F%E3%82%A4%E3%83%84%EF%BC%92%EF%BC%94%E3%80%80%EF%BC%91%EF%BC%A6,43.0896285,141.3443555,2020,カレー EAST,curry_east,
さっぽろルーカレーNAGAMIYA,北海道札幌市中央区南1条西13丁目4-62 ペストール南大通1階,食べログ カレー EAST 百名店 2020,https://tabelog.com/hokkaido/A0101/A010102/1048553/,https://www.google.com/maps/search/?api=1&query=%E3%81%95%E3%81%A3%E3%81%BD%E3%82%8D%E3%83%AB%E3%83%BC%E3%82%AB%E3%83%AC%E3%83%BCNAGAMIYA%20%E5%8C%97%E6%B5%B7%E9%81%93%E6%9C%AD%E5%B9%8C%E5%B8%82%E4%B8%AD%E5%A4%AE%E5%8C%BA%E5%8D%971%E6%9D%A1%E8%A5%BF13%E4%B8%81%E7%9B%AE4-62%20%E3%83%9A%E3%82%B9%E3%83%88%E3%83%BC%E3%83%AB%E5%8D%97%E5%A4%A7%E9%80%9A1%E9%9A%8E,43.0573385,141.3369795,2020,カレー EAST,curry_east,
ガネーシュ,神奈川県横浜市金沢区能見台通8-5,食べログ カレー EAST 百名店 2020,https://tabelog.com/kanagawa/A1401/A140310/14012113/,https://www.google.com/maps/search/?api=1&query=%E3%82%AC%E3%83%8D%E3%83%BC%E3%82%B7%E3%83%A5%20%E7%A5%9E%E5%A5%88%E5%B7%9D%E7%9C%8C%E6%A8%AA%E6%B5%9C%E5%B8%82%E9%87%91%E6%B2%A2%E5%8C%BA%E8%83%BD%E8%A6%8B%E5%8F%B0%E9%80%9A8-5,35.3607919,139.6281367,2020,カレー EAST,curry_east,
コジコジ,茨城県水戸市渡里町2305-6 オザワビル 2F,食べログ カレー EAST 百名店 2020,https://tabelog.com/ibaraki/A0801/A080101/8014163/,https://www.google.com/maps/search/?api=1&query=%E3%82%B3%E3%82%B8%E3%82%B3%E3%82%B8%20%E8%8C%A8%E5%9F%8E%E7%9C%8C%E6%B0%B4%E6%88%B8%E5%B8%82%E6%B8%A1%E9%87%8C%E7%94%BA2305-6%20%E3%82%AA%E3%82%B6%E3%83%AF%E3%83%93%E3%83%AB%202F,36.4008435,140.4396346,2020,カレー EAST,curry_east,
スープカリー スアゲ プラス,北海道札幌市中央区南4条西5 都志松ビル 2F,食べログ カレー EAST 百名店 2020,https://tabelog.com/hokkaido/A0101/A010103/1006004/,https://www.google.com/maps/search/?api=1&query=%E3%82%B9%E3%83%BC%E3%83%97%E3%82%AB%E3%83%AA%E3%83%BC%20%E3%82%B9%E3%82%A2%E3%82%B2%20%E3%83%97%E3%83%A9%E3%82%B9%20%E5%8C%97%E6%B5%B7%E9%81%93%E6%9C%AD%E5%B9%8C%E5%B8%82%E4%B8%AD%E5%A4%AE%E5%8C%BA%E5%8D%974%E6%9D%A1%E8%A5%BF5%20%E9%83%BD%E5%BF%97%E6%9D%BE%E3%83%93%E3%83%AB%202F,43.0557461,141.3512781,2020,カレー EAST,curry_east,
ガンディー,千葉県船橋市本町4-42-4,食べログ カレー EAST 百名店 2020,https://tabelog.com/chiba/A1202/A120201/12000107/,https://www.google.com/maps/search/?api=1&query=%E3%82%AC%E3%83%B3%E3%83%87%E3%82%A3%E3%83%BC%20%E5%8D%83%E8%91%89%E7%9C%8C%E8%88%B9%E6%A9%8B%E5%B8%82%E6%9C%AC%E7%94%BA4-42-4,35.6994439,139.9864908,2020,カレー EAST,curry_east,
デリー 札幌店,北海道札幌市中央区南三条西1 狸小路１丁目南側,食べログ カレー EAST 百名店 2020,https://tabelog.com/hokkaido/A0101/A010103/1006116/,https://www.google.com/maps/search/?api=1&query=%E3%83%87%E3%83%AA%E3%83%BC%20%E6%9C%AD%E5%B9%8C%E5%BA%97%20%E5%8C%97%E6%B5%B7%E9%81%93%E6%9C%AD%E5%B9%8C%E5%B8%82%E4%B8%AD%E5%A4%AE%E5%8C%BA%E5%8D%97%E4%B8%89%E6%9D%A1%E8%A5%BF1%20%E7%8B%B8%E5%B0%8F%E8%B7%AF%EF%BC%91%E4%B8%81%E7%9B%AE%E5%8D%97%E5%81%B4,43.0577696,141.3574170,2020,カレー EAST,curry_east,
ラマイ 札幌北33条店,北海道札幌市東区北33条東1丁目5-6,食べログ カレー EAST 百名店 2020,https://tabelog.com/hokkaido/A0101/A010202/1007585/,https://www.google.com/maps/search/?api=1&query=%E3%83%A9%E3%83%9E%E3%82%A4%20%E6%9C%AD%E5%B9%8C%E5%8C%9733%E6%9D%A1%E5%BA%97%20%E5%8C%97%E6%B5%B7%E9%81%93%E6%9C%AD%E5%B9%8C%E5%B8%82%E6%9D%B1%E5%8C%BA%E5%8C%9733%E6%9D%A1%E6%9D%B11%E4%B8%81%E7%9B%AE5-6,43.1008688,141.3476514,2020,カレー EAST,curry_east,
カフェパハナ,愛知県名古屋市熱田区金山町1-8-13 彫清ビル1F,食べログ カレー EAST 百名店 2020,https://tabelog.com/aichi/A2301/A230105/23037973/,https://www.google.com/maps/search/?api=1&query=%E3%82%AB%E3%83%95%E3%82%A7%E3%83%91%E3%83%8F%E3%83%8A%20%E6%84%9B%E7%9F%A5%E7%9C%8C%E5%90%8D%E5%8F%A4%E5%B1%8B%E5%B8%82%E7%86%B1%E7%94%B0%E5%8C%BA%E9%87%91%E5%B1%B1%E7%94%BA1-8-13%20%E5%BD%AB%E6%B8%85%E3%83%93%E3%83%AB1F,35.1410929,136.8995164,2020,カレー EAST,curry_east,
ベンガルタイガー,千葉県千葉市中央区松波1-14-11,食べログ カレー EAST 百名店 2020,https://tabelog.com/chiba/A1201/A120101/12043752/,https://www.google.com/maps/search/?api=1&query=%E3%83%99%E3%83%B3%E3%82%AC%E3%83%AB%E3%82%BF%E3%82%A4%E3%82%AC%E3%83%BC%20%E5%8D%83%E8%91%89%E7%9C%8C%E5%8D%83%E8%91%89%E5%B8%82%E4%B8%AD%E5%A4%AE%E5%8C%BA%E6%9D%BE%E6%B3%A21-14-11,35.6175617,140.1103782,2020,カレー EAST,curry_east,
木多郎 澄川本店,北海道札幌市南区澄川六条4-2-1 澄川ビル 1F,食べログ カレー EAST 百名店 2020,https://tabelog.com/hokkaido/A0101/A010305/1000174/,https://www.google.com/maps/search/?api=1&query=%E6%9C%A8%E5%A4%9A%E9%83%8E%20%E6%BE%84%E5%B7%9D%E6%9C%AC%E5%BA%97%20%E5%8C%97%E6%B5%B7%E9%81%93%E6%9C%AD%E5%B9%8C%E5%B8%82%E5%8D%97%E5%8C%BA%E6%BE%84%E5%B7%9D%E5%85%AD%E6%9D%A14-2-1%20%E6%BE%84%E5%B7%9D%E3%83%93%E3%83%AB%201F,43.0123239,141.3750578,2020,カレー EAST,curry_east,
アリアナレストラン,愛知県名古屋市東区筒井3-31-13 恒川ビル　２Ｆ,食べログ カレー EAST 百名店 2020,https://tabelog.com/aichi/A2301/A230106/23000471/,https://www.google.com/maps/search/?api=1&query=%E3%82%A2%E3%83%AA%E3%82%A2%E3%83%8A%E3%83%AC%E3%82%B9%E3%83%88%E3%83%A9%E3%83%B3%20%E6%84%9B%E7%9F%A5%E7%9C%8C%E5%90%8D%E5%8F%A4%E5%B1%8B%E5%B8%82%E6%9D%B1%E5%8C%BA%E7%AD%92%E4%BA%953-31-13%20%E6%81%92%E5%B7%9D%E3%83%93%E3%83%AB%E3%80%80%EF%BC%92%EF%BC%A6,35.1733434,136.9320546,2020,カレー EAST,curry_east,
ルッカパイパイ,北海道札幌市豊平区平岸三条6-6-20,食べログ カレー EAST 百名店 2020,https://tabelog.com/hokkaido/A0101/A010303/1000683/,https://www.google.com/maps/search/?api=1&query=%E3%83%AB%E3%83%83%E3%82%AB%E3%83%91%E3%82%A4%E3%83%91%E3%82%A4%20%E5%8C%97%E6%B5%B7%E9%81%93%E6%9C%AD%E5%B9%8C%E5%B8%82%E8%B1%8A%E5%B9%B3%E5%8C%BA%E5%B9%B3%E5%B2%B8%E4%B8%89%E6%9D%A16-6-20,43.0359537,141.3702503,2020,カレー EAST,curry_east,
黒岩咖哩飯店,北海道札幌市中央区大通西8-2-39 北大通ビル B1F,食べログ カレー EAST 百名店 2020,https://tabelog.com/hokkaido/A0101/A010102/1049128/,https://www.google.com/maps/search/?api=1&query=%E9%BB%92%E5%B2%A9%E5%92%96%E5%93%A9%E9%A3%AF%E5%BA%97%20%E5%8C%97%E6%B5%B7%E9%81%93%E6%9C%AD%E5%B9%8C%E5%B8%82%E4%B8%AD%E5%A4%AE%E5%8C%BA%E5%A4%A7%E9%80%9A%E8%A5%BF8-2-39%20%E5%8C%97%E5%A4%A7%E9%80%9A%E3%83%93%E3%83%AB%20B1F,43.0604127,141.3443913,2020,カレー EAST,curry_east,
E-itou Curry 平岸本店,北海道札幌市豊平区平岸1条2-7-33,食べログ カレー EAST 百名店 2020,https://tabelog.com/hokkaido/A0101/A010303/1052435/,https://www.google.com/maps/search/?api=1&query=E-itou%20Curry%20%E5%B9%B3%E5%B2%B8%E6%9C%AC%E5%BA%97%20%E5%8C%97%E6%B5%B7%E9%81%93%E6%9C%AD%E5%B9%8C%E5%B8%82%E8%B1%8A%E5%B9%B3%E5%8C%BA%E5%B9%B3%E5%B2%B81%E6%9D%A12-7-33,43.0411613,141.3638392,2020,カレー EAST,curry_east,
カリーヤ！コング,北海道札幌市中央区南16条西6丁目2-10 IR山鼻 1F,食べログ カレー EAST 百名店 2020,https://tabelog.com/hokkaido/A0101/A010104/1029696/,https://www.google.com/maps/search/?api=1&query=%E3%82%AB%E3%83%AA%E3%83%BC%E3%83%A4%EF%BC%81%E3%82%B3%E3%83%B3%E3%82%B0%20%E5%8C%97%E6%B5%B7%E9%81%93%E6%9C%AD%E5%B9%8C%E5%B8%82%E4%B8%AD%E5%A4%AE%E5%8C%BA%E5%8D%9716%E6%9D%A1%E8%A5%BF6%E4%B8%81%E7%9B%AE2-10%20IR%E5%B1%B1%E9%BC%BB%201F,43.0382277,141.3525043,2020,カレー EAST,curry_east,
カレー専門店cafe New Delhi,愛知県名古屋市中村区向島町4-24-9,食べログ カレー EAST 百名店 2020,https://tabelog.com/aichi/A2301/A230113/23007998/,https://www.google.com/maps/search/?api=1&query=%E3%82%AB%E3%83%AC%E3%83%BC%E5%B0%82%E9%96%80%E5%BA%97cafe%20New%20Delhi%20%E6%84%9B%E7%9F%A5%E7%9C%8C%E5%90%8D%E5%8F%A4%E5%B1%8B%E5%B8%82%E4%B8%AD%E6%9D%91%E5%8C%BA%E5%90%91%E5%B3%B6%E7%94%BA4-24-9,35.1613839,136.8486244,2020,カレー EAST,curry_east,
スパイス ポット 菊水本店,北海道札幌市白石区菊水6条1丁目6-11,食べログ カレー EAST 百名店 2020,https://tabelog.com/hokkaido/A0101/A010301/1025000/,https://www.google.com/maps/search/?api=1&query=%E3%82%B9%E3%83%91%E3%82%A4%E3%82%B9%20%E3%83%9D%E3%83%83%E3%83%88%20%E8%8F%8A%E6%B0%B4%E6%9C%AC%E5%BA%97%20%E5%8C%97%E6%B5%B7%E9%81%93%E6%9C%AD%E5%B9%8C%E5%B8%82%E7%99%BD%E7%9F%B3%E5%8C%BA%E8%8F%8A%E6%B0%B46%E6%9D%A11%E4%B8%81%E7%9B%AE6-11,43.0618820,141.3762388,2020,カレー EAST,curry_east,
サールナート,千葉県船橋市宮本5-1-8,食べログ カレー EAST 百名店 2020,https://tabelog.com/chiba/A1202/A120201/12000128/,https://www.google.com/maps/search/?api=1&query=%E3%82%B5%E3%83%BC%E3%83%AB%E3%83%8A%E3%83%BC%E3%83%88%20%E5%8D%83%E8%91%89%E7%9C%8C%E8%88%B9%E6%A9%8B%E5%B8%82%E5%AE%AE%E6%9C%AC5-1-8,35.6958206,139.9923080,2020,カレー EAST,curry_east,
SAKURA BROWN,北海道札幌市西区琴似1条5-4-10 シティラディファンス 2F,食べログ カレー EAST 百名店 2020,https://tabelog.com/hokkaido/A0101/A010204/1044404/,https://www.google.com/maps/search/?api=1&query=SAKURA%20BROWN%20%E5%8C%97%E6%B5%B7%E9%81%93%E6%9C%AD%E5%B9%8C%E5%B8%82%E8%A5%BF%E5%8C%BA%E7%90%B4%E4%BC%BC1%E6%9D%A15-4-10%20%E3%82%B7%E3%83%86%E3%82%A3%E3%83%A9%E3%83%87%E3%82%A3%E3%83%95%E3%82%A1%E3%83%B3%E3%82%B9%202F,43.0754699,141.3034539,2020,カレー EAST,curry_east,
スープカレー トムトムキキル,北海道札幌市清田区清田三条2-14-15,食べログ カレー EAST 百名店 2020,https://tabelog.com/hokkaido/A0101/A010304/1037079/,https://www.google.com/maps/search/?api=1&query=%E3%82%B9%E3%83%BC%E3%83%97%E3%82%AB%E3%83%AC%E3%83%BC%20%E3%83%88%E3%83%A0%E3%83%88%E3%83%A0%E3%82%AD%E3%82%AD%E3%83%AB%20%E5%8C%97%E6%B5%B7%E9%81%93%E6%9C%AD%E5%B9%8C%E5%B8%82%E6%B8%85%E7%94%B0%E5%8C%BA%E6%B8%85%E7%94%B0%E4%B8%89%E6%9D%A12-14-15,42.9987525,141.4314686,2020,カレー EAST,curry_east,
エリックサウス KITTE名古屋店,愛知県名古屋市中村区名駅1-1-1 KITTE名古屋 B1F,食べログ カレー EAST 百名店 2020,https://tabelog.com/aichi/A2301/A230101/23060430/,https://www.google.com/maps/search/?api=1&query=%E3%82%A8%E3%83%AA%E3%83%83%E3%82%AF%E3%82%B5%E3%82%A6%E3%82%B9%20KITTE%E5%90%8D%E5%8F%A4%E5%B1%8B%E5%BA%97%20%E6%84%9B%E7%9F%A5%E7%9C%8C%E5%90%8D%E5%8F%A4%E5%B1%8B%E5%B8%82%E4%B8%AD%E6%9D%91%E5%8C%BA%E5%90%8D%E9%A7%851-1-1%20KITTE%E5%90%8D%E5%8F%A4%E5%B1%8B%20B1F,35.1730894,136.8823852,2020,カレー EAST,curry_east,
欧風カレーKEN,北海道札幌市東区北15条東1-2-17 イースタンビル 1F,食べログ カレー EAST 百名店 2020,https://tabelog.com/hokkaido/A0101/A010202/1041827/,https://www.google.com/maps/search/?api=1&query=%E6%AC%A7%E9%A2%A8%E3%82%AB%E3%83%AC%E3%83%BCKEN%20%E5%8C%97%E6%B5%B7%E9%81%93%E6%9C%AD%E5%B9%8C%E5%B8%82%E6%9D%B1%E5%8C%BA%E5%8C%9715%E6%9D%A1%E6%9D%B11-2-17%20%E3%82%A4%E3%83%BC%E3%82%B9%E3%82%BF%E3%83%B3%E3%83%93%E3%83%AB%201F,43.0792733,141.3541402,2020,カレー EAST,curry_east,
カレー リーブス,北海道札幌市豊平区西岡四条7丁目7-10,食べログ カレー EAST 百名店 2020,https://tabelog.com/hokkaido/A0101/A010303/1000687/,https://www.google.com/maps/search/?api=1&query=%E3%82%AB%E3%83%AC%E3%83%BC%20%E3%83%AA%E3%83%BC%E3%83%96%E3%82%B9%20%E5%8C%97%E6%B5%B7%E9%81%93%E6%9C%AD%E5%B9%8C%E5%B8%82%E8%B1%8A%E5%B9%B3%E5%8C%BA%E8%A5%BF%E5%B2%A1%E5%9B%9B%E6%9D%A17%E4%B8%81%E7%9B%AE7-10,43.0101083,141.3874483,2020,カレー EAST,curry_east,
一文字カリー店,北海道札幌市白石区本通17丁目南2-4 ストーンビル本通17 1F,食べログ カレー EAST 百名店 2020,https://tabelog.com/hokkaido/A0101/A010301/1024063/,https://www.google.com/maps/search/?api=1&query=%E4%B8%80%E6%96%87%E5%AD%97%E3%82%AB%E3%83%AA%E3%83%BC%E5%BA%97%20%E5%8C%97%E6%B5%B7%E9%81%93%E6%9C%AD%E5%B9%8C%E5%B8%82%E7%99%BD%E7%9F%B3%E5%8C%BA%E6%9C%AC%E9%80%9A17%E4%B8%81%E7%9B%AE%E5%8D%972-4%20%E3%82%B9%E3%83%88%E3%83%BC%E3%83%B3%E3%83%93%E3%83%AB%E6%9C%AC%E9%80%9A17%201F,43.0352951,141.4327827,2020,カレー EAST,curry_east,
サッポロスープカレーディップ,北海道札幌市北区北二十九条西4-2-1 ファミール札幌 110,食べログ カレー EAST 百名店 2020,https://tabelog.com/hokkaido/A0101/A010201/1055946/,https://www.google.com/maps/search/?api=1&query=%E3%82%B5%E3%83%83%E3%83%9D%E3%83%AD%E3%82%B9%E3%83%BC%E3%83%97%E3%82%AB%E3%83%AC%E3%83%BC%E3%83%87%E3%82%A3%E3%83%83%E3%83%97%20%E5%8C%97%E6%B5%B7%E9%81%93%E6%9C%AD%E5%B9%8C%E5%B8%82%E5%8C%97%E5%8C%BA%E5%8C%97%E4%BA%8C%E5%8D%81%E4%B9%9D%E6%9D%A1%E8%A5%BF4-2-1%20%E3%83%95%E3%82%A1%E3%83%9F%E3%83%BC%E3%83%AB%E6%9C%AD%E5%B9%8C%20110,43.0962245,141.3422073,2020,カレー EAST,curry_east,
カオスヘブン 札幌店,北海道札幌市中央区南5条東2-12-3 2F,食べログ カレー EAST 百名店 2020,https://tabelog.com/hokkaido/A0101/A010103/1042039/,https://www.google.com/maps/search/?api=1&query=%E3%82%AB%E3%82%AA%E3%82%B9%E3%83%98%E3%83%96%E3%83%B3%20%E6%9C%AD%E5%B9%8C%E5%BA%97%20%E5%8C%97%E6%B5%B7%E9%81%93%E6%9C%AD%E5%B9%8C%E5%B8%82%E4%B8%AD%E5%A4%AE%E5%8C%BA%E5%8D%975%E6%9D%A1%E6%9D%B12-12-3%202F,43.0563025,141.3596999,2020,カレー EAST,curry_east,
札幌スープカレー専門店エスパーイトウ 八軒総本店,北海道札幌市西区八軒5条西1-2-32 パレスチャギヒラ 1F,食べログ カレー EAST 百名店 2020,https://tabelog.com/hokkaido/A0101/A010204/1009667/,https://www.google.com/maps/search/?api=1&query=%E6%9C%AD%E5%B9%8C%E3%82%B9%E3%83%BC%E3%83%97%E3%82%AB%E3%83%AC%E3%83%BC%E5%B0%82%E9%96%80%E5%BA%97%E3%82%A8%E3%82%B9%E3%83%91%E3%83%BC%E3%82%A4%E3%83%88%E3%82%A6%20%E5%85%AB%E8%BB%92%E7%B7%8F%E6%9C%AC%E5%BA%97%20%E5%8C%97%E6%B5%B7%E9%81%93%E6%9C%AD%E5%B9%8C%E5%B8%82%E8%A5%BF%E5%8C%BA%E5%85%AB%E8%BB%925%E6%9D%A1%E8%A5%BF1-2-32%20%E3%83%91%E3%83%AC%E3%82%B9%E3%83%81%E3%83%A3%E3%82%AE%E3%83%92%E3%83%A9%201F,43.0873490,141.3141517,2020,カレー EAST,curry_east,
マジックスパイス 札幌本店,北海道札幌市白石区本郷通8丁目南6-2,食べログ カレー EAST 百名店 2020,https://tabelog.com/hokkaido/A0101/A010301/1000163/,https://www.google.com/maps/search/?api=1&query=%E3%83%9E%E3%82%B8%E3%83%83%E3%82%AF%E3%82%B9%E3%83%91%E3%82%A4%E3%82%B9%20%E6%9C%AD%E5%B9%8C%E6%9C%AC%E5%BA%97%20%E5%8C%97%E6%B5%B7%E9%81%93%E6%9C%AD%E5%B9%8C%E5%B8%82%E7%99%BD%E7%9F%B3%E5%8C%BA%E6%9C%AC%E9%83%B7%E9%80%9A8%E4%B8%81%E7%9B%AE%E5%8D%976-2,43.0410025,141.4135889,2020,カレー EAST,curry_east,
カレーの店 ボンベイ 本店,千葉県柏市柏3-6-16 磯野ビル 1F,食べログ カレー EAST 百名店 2020,https://tabelog.com/chiba/A1203/A120301/12026182/,https://www.google.com/maps/search/?api=1&query=%E3%82%AB%E3%83%AC%E3%83%BC%E3%81%AE%E5%BA%97%20%E3%83%9C%E3%83%B3%E3%83%99%E3%82%A4%20%E6%9C%AC%E5%BA%97%20%E5%8D%83%E8%91%89%E7%9C%8C%E6%9F%8F%E5%B8%82%E6%9F%8F3-6-16%20%E7%A3%AF%E9%87%8E%E3%83%93%E3%83%AB%201F,35.8601993,139.9742370,2020,カレー EAST,curry_east,
Spice&mill,北海道札幌市白石区本通11丁目北2番1号,食べログ カレー EAST 百名店 2020,https://tabelog.com/hokkaido/A0101/A010301/1050715/,https://www.google.com/maps/search/?api=1&query=Spice%26mill%20%E5%8C%97%E6%B5%B7%E9%81%93%E6%9C%AD%E5%B9%8C%E5%B8%82%E7%99%BD%E7%9F%B3%E5%8C%BA%E6%9C%AC%E9%80%9A11%E4%B8%81%E7%9B%AE%E5%8C%972%E7%95%AA1%E5%8F%B7,43.0425267,141.4233532,2020,カレー EAST,curry_east,
マタレー 円山店,北海道札幌市中央区南1条西23丁目1-8,食べログ カレー EAST 百名店 2020,https://tabelog.com/hokkaido/A0101/A010105/1025101/,https://www.google.com/maps/search/?api=1&query=%E3%83%9E%E3%82%BF%E3%83%AC%E3%83%BC%20%E5%86%86%E5%B1%B1%E5%BA%97%20%E5%8C%97%E6%B5%B7%E9%81%93%E6%9C%AD%E5%B9%8C%E5%B8%82%E4%B8%AD%E5%A4%AE%E5%8C%BA%E5%8D%971%E6%9D%A1%E8%A5%BF23%E4%B8%81%E7%9B%AE1-8,43.0554876,141.3230246,2020,カレー EAST,curry_east,
南インド家庭料理 カルナータカー,愛知県名古屋市名東区豊ヶ丘1809,食べログ カレー EAST 百名店 2020,https://tabelog.com/aichi/A2301/A230111/23044940/,https://www.google.com/maps/search/?api=1&query=%E5%8D%97%E3%82%A4%E3%83%B3%E3%83%89%E5%AE%B6%E5%BA%AD%E6%96%99%E7%90%86%20%E3%82%AB%E3%83%AB%E3%83%8A%E3%83%BC%E3%82%BF%E3%82%AB%E3%83%BC%20%E6%84%9B%E7%9F%A5%E7%9C%8C%E5%90%8D%E5%8F%A4%E5%B1%8B%E5%B8%82%E5%90%8D%E6%9D%B1%E5%8C%BA%E8%B1%8A%E3%83%B6%E4%B8%981809,35.1871852,137.0133431,2020,カレー EAST,curry_east,
Rojiura Curry SAMURAI. 平岸総本店,北海道札幌市豊平区平岸3条3-2-3,食べログ カレー EAST 百名店 2020,https://tabelog.com/hokkaido/A0101/A010303/1005698/,https://www.google.com/maps/search/?api=1&query=Rojiura%20Curry%20SAMURAI.%20%E5%B9%B3%E5%B2%B8%E7%B7%8F%E6%9C%AC%E5%BA%97%20%E5%8C%97%E6%B5%B7%E9%81%93%E6%9C%AD%E5%B9%8C%E5%B8%82%E8%B1%8A%E5%B9%B3%E5%8C%BA%E5%B9%B3%E5%B2%B83%E6%9D%A13-2-3,43.0400537,141.3713209,2020,カレー EAST,curry_east,
村上カレー店・プルプル,北海道札幌市中央区南二条西9 ケンタクビル２９ Ｂ1Ｆ,食べログ カレー EAST 百名店 2020,https://tabelog.com/hokkaido/A0101/A010102/1000476/,https://www.google.com/maps/search/?api=1&query=%E6%9D%91%E4%B8%8A%E3%82%AB%E3%83%AC%E3%83%BC%E5%BA%97%E3%83%BB%E3%83%97%E3%83%AB%E3%83%97%E3%83%AB%20%E5%8C%97%E6%B5%B7%E9%81%93%E6%9C%AD%E5%B9%8C%E5%B8%82%E4%B8%AD%E5%A4%AE%E5%8C%BA%E5%8D%97%E4%BA%8C%E6%9D%A1%E8%A5%BF9%20%E3%82%B1%E3%83%B3%E3%82%BF%E3%82%AF%E3%83%93%E3%83%AB%EF%BC%92%EF%BC%99%20%EF%BC%A21%EF%BC%A6,43.0567514,141.3435205,2020,カレー EAST,curry_east,
スパイスカレー モクロミ,埼玉県越谷市千間台西5-2-30 2F,食べログ カレー EAST 百名店 2020,https://tabelog.com/saitama/A1102/A110203/11045458/,https://www.google.com/maps/search/?api=1&query=%E3%82%B9%E3%83%91%E3%82%A4%E3%82%B9%E3%82%AB%E3%83%AC%E3%83%BC%20%E3%83%A2%E3%82%AF%E3%83%AD%E3%83%9F%20%E5%9F%BC%E7%8E%89%E7%9C%8C%E8%B6%8A%E8%B0%B7%E5%B8%82%E5%8D%83%E9%96%93%E5%8F%B0%E8%A5%BF5-2-30%202F,35.9325301,139.7662635,2020,カレー EAST,curry_east,
ピカンティ,北海道札幌市北区北十三条西3 アクロビュ－北大前　１Ｆ,食べログ カレー EAST 百名店 2020,https://tabelog.com/hokkaido/A0101/A010201/1000060/,https://www.google.com/maps/search/?api=1&query=%E3%83%94%E3%82%AB%E3%83%B3%E3%83%86%E3%82%A3%20%E5%8C%97%E6%B5%B7%E9%81%93%E6%9C%AD%E5%B9%8C%E5%B8%82%E5%8C%97%E5%8C%BA%E5%8C%97%E5%8D%81%E4%B8%89%E6%9D%A1%E8%A5%BF3%20%E3%82%A2%E3%82%AF%E3%83%AD%E3%83%93%E3%83%A5%EF%BC%8D%E5%8C%97%E5%A4%A7%E5%89%8D%E3%80%80%EF%BC%91%EF%BC%A6,43.0770221,141.3487210,2020,カレー EAST,curry_east,
レッドチリ,北海道札幌市中央区北3条西26丁目2-15 第23松井ビル Gクレフ3261F,食べログ カレー EAST 百名店 2020,https://tabelog.com/hokkaido/A0101/A010105/1003320/,https://www.google.com/maps/search/?api=1&query=%E3%83%AC%E3%83%83%E3%83%89%E3%83%81%E3%83%AA%20%E5%8C%97%E6%B5%B7%E9%81%93%E6%9C%AD%E5%B9%8C%E5%B8%82%E4%B8%AD%E5%A4%AE%E5%8C%BA%E5%8C%973%E6%9D%A1%E8%A5%BF26%E4%B8%81%E7%9B%AE2-15%20%E7%AC%AC23%E6%9D%BE%E4%BA%95%E3%83%93%E3%83%AB%20G%E3%82%AF%E3%83%AC%E3%83%953261F,43.0606126,141.3175099,2020,カレー EAST,curry_east,
印度料理シタール,千葉県千葉市花見川区検見川町1-106-16,食べログ カレー EAST 百名店 2020,https://tabelog.com/chiba/A1201/A120104/12000109/,https://www.google.com/maps/search/?api=1&query=%E5%8D%B0%E5%BA%A6%E6%96%99%E7%90%86%E3%82%B7%E3%82%BF%E3%83%BC%E3%83%AB%20%E5%8D%83%E8%91%89%E7%9C%8C%E5%8D%83%E8%91%89%E5%B8%82%E8%8A%B1%E8%A6%8B%E5%B7%9D%E5%8C%BA%E6%A4%9C%E8%A6%8B%E5%B7%9D%E7%94%BA1-106-16,35.6519675,140.0653893,2020,カレー EAST,curry_east,
アジャンタ 総本家,北海道札幌市東区北23条東20丁目2-18,食べログ カレー EAST 百名店 2020,https://tabelog.com/hokkaido/A0101/A010202/1006509/,https://www.google.com/maps/search/?api=1&query=%E3%82%A2%E3%82%B8%E3%83%A3%E3%83%B3%E3%82%BF%20%E7%B7%8F%E6%9C%AC%E5%AE%B6%20%E5%8C%97%E6%B5%B7%E9%81%93%E6%9C%AD%E5%B9%8C%E5%B8%82%E6%9D%B1%E5%8C%BA%E5%8C%9723%E6%9D%A1%E6%9D%B120%E4%B8%81%E7%9B%AE2-18,43.0942818,141.3822783,2020,カレー EAST,curry_east,
ラマイ 横浜伊勢佐木モール店,神奈川県横浜市中区伊勢佐木町1-6-5 亀楽ビル 7F,食べログ カレー EAST 百名店 2020,https://tabelog.com/kanagawa/A1401/A140104/14045095/,https://www.google.com/maps/search/?api=1&query=%E3%83%A9%E3%83%9E%E3%82%A4%20%E6%A8%AA%E6%B5%9C%E4%BC%8A%E5%8B%A2%E4%BD%90%E6%9C%A8%E3%83%A2%E3%83%BC%E3%83%AB%E5%BA%97%20%E7%A5%9E%E5%A5%88%E5%B7%9D%E7%9C%8C%E6%A8%AA%E6%B5%9C%E5%B8%82%E4%B8%AD%E5%8C%BA%E4%BC%8A%E5%8B%A2%E4%BD%90%E6%9C%A8%E7%94%BA1-6-5%20%E4%BA%80%E6%A5%BD%E3%83%93%E3%83%AB%207F,35.4439678,139.6324762,2020,カレー EAST,curry_east,
メディスンマン,北海道札幌市中央区南十二条西10-1-18 グッドビル　１Ｆ,食べログ カレー EAST 百名店 2020,https://tabelog.com/hokkaido/A0101/A010104/1003072/,https://www.google.com/maps/search/?api=1&query=%E3%83%A1%E3%83%87%E3%82%A3%E3%82%B9%E3%83%B3%E3%83%9E%E3%83%B3%20%E5%8C%97%E6%B5%B7%E9%81%93%E6%9C%AD%E5%B9%8C%E5%B8%82%E4%B8%AD%E5%A4%AE%E5%8C%BA%E5%8D%97%E5%8D%81%E4%BA%8C%E6%9D%A1%E8%A5%BF10-1-18%20%E3%82%B0%E3%83%83%E3%83%89%E3%83%93%E3%83%AB%E3%80%80%EF%BC%91%EF%BC%A6,43.0444033,141.3435792,2020,カレー EAST,curry_east,
SOUP CURRY KING セントラル,北海道札幌市中央区南2条西3丁目13-4 カタオカビル B1,食べログ カレー EAST 百名店 2020,https://tabelog.com/hokkaido/A0101/A010102/1055662/,https://www.google.com/maps/search/?api=1&query=SOUP%20CURRY%20KING%20%E3%82%BB%E3%83%B3%E3%83%88%E3%83%A9%E3%83%AB%20%E5%8C%97%E6%B5%B7%E9%81%93%E6%9C%AD%E5%B9%8C%E5%B8%82%E4%B8%AD%E5%A4%AE%E5%8C%BA%E5%8D%972%E6%9D%A1%E8%A5%BF3%E4%B8%81%E7%9B%AE13-4%20%E3%82%AB%E3%82%BF%E3%82%AA%E3%82%AB%E3%83%93%E3%83%AB%20B1,43.0580908,141.3535687,2020,カレー EAST,curry_east,
唯我独尊,北海道富良野市日の出町11-8,食べログ カレー EAST 百名店 2020,https://tabelog.com/hokkaido/A0104/A010403/1000063/,https://www.google.com/maps/search/?api=1&query=%E5%94%AF%E6%88%91%E7%8B%AC%E5%B0%8A%20%E5%8C%97%E6%B5%B7%E9%81%93%E5%AF%8C%E8%89%AF%E9%87%8E%E5%B8%82%E6%97%A5%E3%81%AE%E5%87%BA%E7%94%BA11-8,43.3448013,142.3894696,2020,カレー EAST,curry_east,
本格インドカレーの館 スパイス,北海道札幌市北区北18条西5丁目1-8,食べログ カレー EAST 百名店 2020,https://tabelog.com/hokkaido/A0101/A010201/1035826/,https://www.google.com/maps/search/?api=1&query=%E6%9C%AC%E6%A0%BC%E3%82%A4%E3%83%B3%E3%83%89%E3%82%AB%E3%83%AC%E3%83%BC%E3%81%AE%E9%A4%A8%20%E3%82%B9%E3%83%91%E3%82%A4%E3%82%B9%20%E5%8C%97%E6%B5%B7%E9%81%93%E6%9C%AD%E5%B9%8C%E5%B8%82%E5%8C%97%E5%8C%BA%E5%8C%9718%E6%9D%A1%E8%A5%BF5%E4%B8%81%E7%9B%AE1-8,43.0816128,141.3443777,2020,カレー EAST,curry_east,
スパイス・ツリー,神奈川県逗子市逗子7-6-25,食べログ カレー EAST 百名店 2020,https://tabelog.com/kanagawa/A1406/A140602/14053565/,https://www.google.com/maps/search/?api=1&query=%E3%82%B9%E3%83%91%E3%82%A4%E3%82%B9%E3%83%BB%E3%83%84%E3%83%AA%E3%83%BC%20%E7%A5%9E%E5%A5%88%E5%B7%9D%E7%9C%8C%E9%80%97%E5%AD%90%E5%B8%82%E9%80%97%E5%AD%907-6-25,35.2968317,139.5752225,2020,カレー EAST,curry_east,
こうひいはうす,北海道札幌市中央区南二十条西15-3 伏見コーポ　１Ｆ,食べログ カレー EAST 百名店 2020,https://tabelog.com/hokkaido/A0101/A010104/1002169/,https://www.google.com/maps/search/?api=1&query=%E3%81%93%E3%81%86%E3%81%B2%E3%81%84%E3%81%AF%E3%81%86%E3%81%99%20%E5%8C%97%E6%B5%B7%E9%81%93%E6%9C%AD%E5%B9%8C%E5%B8%82%E4%B8%AD%E5%A4%AE%E5%8C%BA%E5%8D%97%E4%BA%8C%E5%8D%81%E6%9D%A1%E8%A5%BF15-3%20%E4%BC%8F%E8%A6%8B%E3%82%B3%E3%83%BC%E3%83%9D%E3%80%80%EF%BC%91%EF%BC%A6,43.0322186,141.3372388,2020,カレー EAST,curry_east,
オクシモロン コマチ,神奈川県鎌倉市雪ノ下1-5-38 2Ｆ,食べログ カレー EAST 百名店 2020,https://tabelog.com/kanagawa/A1404/A140402/14014612/,https://www.google.com/maps/search/?api=1&query=%E3%82%AA%E3%82%AF%E3%82%B7%E3%83%A2%E3%83%AD%E3%83%B3%20%E3%82%B3%E3%83%9E%E3%83%81%20%E7%A5%9E%E5%A5%88%E5%B7%9D%E7%9C%8C%E9%8E%8C%E5%80%89%E5%B8%82%E9%9B%AA%E3%83%8E%E4%B8%8B1-5-38%202%EF%BC%A6,35.3227527,139.5526054,2020,カレー EAST,curry_east,
ボンベイ,神奈川県厚木市水引1-17-17,食べログ カレー EAST 百名店 2020,https://tabelog.com/kanagawa/A1408/A140802/14003773/,https://www.google.com/maps/search/?api=1&query=%E3%83%9C%E3%83%B3%E3%83%99%E3%82%A4%20%E7%A5%9E%E5%A5%88%E5%B7%9D%E7%9C%8C%E5%8E%9A%E6%9C%A8%E5%B8%82%E6%B0%B4%E5%BC%951-17-17,35.4495048,139.3590189,2020,カレー EAST,curry_east,
ミルチ,北海道札幌市中央区南五条西20-1-16,食べログ カレー EAST 百名店 2020,https://tabelog.com/hokkaido/A0101/A010102/1000166/,https://www.google.com/maps/search/?api=1&query=%E3%83%9F%E3%83%AB%E3%83%81%20%E5%8C%97%E6%B5%B7%E9%81%93%E6%9C%AD%E5%B9%8C%E5%B8%82%E4%B8%AD%E5%A4%AE%E5%8C%BA%E5%8D%97%E4%BA%94%E6%9D%A1%E8%A5%BF20-1-16,43.0521919,141.3278359,2020,カレー EAST,curry_east,
ポレポレ,北海道札幌市白石区栄通17丁目1-26,食べログ カレー EAST 百名店 2020,https://tabelog.com/hokkaido/A0101/A010301/1002197/,https://www.google.com/maps/search/?api=1&query=%E3%83%9D%E3%83%AC%E3%83%9D%E3%83%AC%20%E5%8C%97%E6%B5%B7%E9%81%93%E6%9C%AD%E5%B9%8C%E5%B8%82%E7%99%BD%E7%9F%B3%E5%8C%BA%E6%A0%84%E9%80%9A17%E4%B8%81%E7%9B%AE1-26,43.0288802,141.4270151,2020,カレー EAST,curry_east,
Kikuya Curry,神奈川県横浜市中区野毛町4-173 天悦ビル　１０１,食べログ カレー EAST 百名店 2020,https://tabelog.com/kanagawa/A1401/A140102/14004143/,https://www.google.com/maps/search/?api=1&query=Kikuya%20Curry%20%E7%A5%9E%E5%A5%88%E5%B7%9D%E7%9C%8C%E6%A8%AA%E6%B5%9C%E5%B8%82%E4%B8%AD%E5%8C%BA%E9%87%8E%E6%AF%9B%E7%94%BA4-173%20%E5%A4%A9%E6%82%A6%E3%83%93%E3%83%AB%E3%80%80%EF%BC%91%EF%BC%90%EF%BC%91,35.4484749,139.6270283,2020,カレー EAST,curry_east,
negombo33,埼玉県所沢市星の宮1-9-1,食べログ カレー EAST 百名店 2020,https://tabelog.com/saitama/A1106/A110601/11015014/,https://www.google.com/maps/search/?api=1&query=negombo33%20%E5%9F%BC%E7%8E%89%E7%9C%8C%E6%89%80%E6%B2%A2%E5%B8%82%E6%98%9F%E3%81%AE%E5%AE%AE1-9-1,35.7874953,139.4614106,2020,カレー EAST,curry_east,
カレー気分,北海道札幌市清田区北野6条2-11-4 尾崎ビル 1F,食べログ カレー EAST 百名店 2020,https://tabelog.com/hokkaido/A0101/A010304/1000874/,https://www.google.com/maps/search/?api=1&query=%E3%82%AB%E3%83%AC%E3%83%BC%E6%B0%97%E5%88%86%20%E5%8C%97%E6%B5%B7%E9%81%93%E6%9C%AD%E5%B9%8C%E5%B8%82%E6%B8%85%E7%94%B0%E5%8C%BA%E5%8C%97%E9%87%8E6%E6%9D%A12-11-4%20%E5%B0%BE%E5%B4%8E%E3%83%93%E3%83%AB%201F,43.0193075,141.4349540,2020,カレー EAST,curry_east,
天竺 札幌清田本店,北海道札幌市清田区平岡1条1-7-1,食べログ カレー EAST 百名店 2020,https://tabelog.com/hokkaido/A0101/A010304/1039442/,https://www.google.com/maps/search/?api=1&query=%E5%A4%A9%E7%AB%BA%20%E6%9C%AD%E5%B9%8C%E6%B8%85%E7%94%B0%E6%9C%AC%E5%BA%97%20%E5%8C%97%E6%B5%B7%E9%81%93%E6%9C%AD%E5%B9%8C%E5%B8%82%E6%B8%85%E7%94%B0%E5%8C%BA%E5%B9%B3%E5%B2%A11%E6%9D%A11-7-1,42.9968587,141.4428900,2020,カレー EAST,curry_east,
ONSEN食堂,北海道札幌市南区定山渓608-2 豊平峡温泉,食べログ カレー EAST 百名店 2020,https://tabelog.com/hokkaido/A0101/A010305/1000167/,https://www.google.com/maps/search/?api=1&query=ONSEN%E9%A3%9F%E5%A0%82%20%E5%8C%97%E6%B5%B7%E9%81%93%E6%9C%AD%E5%B9%8C%E5%B8%82%E5%8D%97%E5%8C%BA%E5%AE%9A%E5%B1%B1%E6%B8%93608-2%20%E8%B1%8A%E5%B9%B3%E5%B3%A1%E6%B8%A9%E6%B3%89,42.9496250,141.1559539,2020,カレー EAST,curry_east,
カレーレストラン シバ,千葉県千葉市稲毛区稲毛東3-19-15 ｍｆビル　１Ｆ,食べログ カレー EAST 百名店 2020,https://tabelog.com/chiba/A1201/A120104/12000017/,https://www.google.com/maps/search/?api=1&query=%E3%82%AB%E3%83%AC%E3%83%BC%E3%83%AC%E3%82%B9%E3%83%88%E3%83%A9%E3%83%B3%20%E3%82%B7%E3%83%90%20%E5%8D%83%E8%91%89%E7%9C%8C%E5%8D%83%E8%91%89%E5%B8%82%E7%A8%B2%E6%AF%9B%E5%8C%BA%E7%A8%B2%E6%AF%9B%E6%9D%B13-19-15%20%EF%BD%8D%EF%BD%86%E3%83%93%E3%83%AB%E3%80%80%EF%BC%91%EF%BC%A6,35.6364086,140.0926969,2020,カレー EAST,curry_east,
バンチャガル,愛知県名古屋市千種区星ヶ丘元町15-27,食べログ カレー EAST 百名店 2020,https://tabelog.com/aichi/A2301/A230111/23009012/,https://www.google.com/maps/search/?api=1&query=%E3%83%90%E3%83%B3%E3%83%81%E3%83%A3%E3%82%AC%E3%83%AB%20%E6%84%9B%E7%9F%A5%E7%9C%8C%E5%90%8D%E5%8F%A4%E5%B1%8B%E5%B8%82%E5%8D%83%E7%A8%AE%E5%8C%BA%E6%98%9F%E3%83%B6%E4%B8%98%E5%85%83%E7%94%BA15-27,35.1619202,136.9873608,2020,カレー EAST,curry_east,
コスギカレー,神奈川県川崎市中原区新丸子東2-897-11 ラポール新丸子102,食べログ カレー EAST 百名店 2020,https://tabelog.com/kanagawa/A1405/A140504/14042207/,https://www.google.com/maps/search/?api=1&query=%E3%82%B3%E3%82%B9%E3%82%AE%E3%82%AB%E3%83%AC%E3%83%BC%20%E7%A5%9E%E5%A5%88%E5%B7%9D%E7%9C%8C%E5%B7%9D%E5%B4%8E%E5%B8%82%E4%B8%AD%E5%8E%9F%E5%8C%BA%E6%96%B0%E4%B8%B8%E5%AD%90%E6%9D%B12-897-11%20%E3%83%A9%E3%83%9D%E3%83%BC%E3%83%AB%E6%96%B0%E4%B8%B8%E5%AD%90102,35.5782948,139.6626544,2020,カレー EAST,curry_east,
